epoch,accuracy,loss,val_accuracy,val_loss
0,1.0,0.00039216579170897603,1.0,0.00034168321872130036
1,1.0,0.00015234012971632183,1.0,0.0002832491882145405
2,1.0,9.536837751511484e-05,1.0,0.000133138892124407
3,1.0,7.231162453535944e-05,1.0,9.06444329302758e-05
4,1.0,4.728670683107339e-05,1.0,6.674585165455937e-05
5,1.0,3.726971772266552e-05,1.0,4.8124264139914885e-05
6,1.0,3.0723058443982154e-05,1.0,4.633193020708859e-05
7,1.0,2.5383087631780654e-05,1.0,4.208436075714417e-05
8,1.0,2.091135502269026e-05,1.0,5.033878915128298e-05
9,1.0,1.9077777324127965e-05,1.0,2.6317689844290726e-05
10,1.0,1.5536381397396326e-05,1.0,2.0257630239939317e-05
11,1.0,1.3505692550097592e-05,1.0,1.7153679436887614e-05
12,1.0,1.1723393072315957e-05,1.0,1.3799332009512e-05
13,1.0,1.0305790056008846e-05,1.0,1.3460782611218747e-05
14,1.0,9.447564480069559e-06,1.0,1.2957752005604561e-05
15,1.0,8.344272828253452e-06,1.0,1.1634592738118954e-05
16,1.0,7.62023273637169e-06,1.0,9.159889486909378e-06
17,1.0,7.04515014149365e-06,1.0,8.981094651971944e-06
18,1.0,6.217600457603112e-06,1.0,9.205189599015284e-06
19,1.0,6.139791366877034e-06,1.0,6.96650886311545e-06
20,1.0,5.168538336874917e-06,1.0,7.288362212420907e-06
21,1.0,4.776654350280296e-06,1.0,6.139216566225514e-06
22,1.0,4.359548711363459e-06,1.0,5.55033284399542e-06
23,1.0,4.270079443813302e-06,1.0,5.123572918819264e-06
24,1.0,3.7501890801650006e-06,1.0,4.436936706042616e-06
25,1.0,3.4008935472229496e-06,1.0,4.954295945935883e-06
26,1.0,3.2674088288331404e-06,1.0,3.888582796207629e-06
27,1.0,2.914068772952305e-06,1.0,4.1675275497254916e-06
28,1.0,2.6904042442765785e-06,1.0,3.2615496365906438e-06
29,1.0,2.498624553481932e-06,1.0,3.1161148399405647e-06
30,1.0,2.3401566977554467e-06,1.0,3.3020789942384e-06
31,1.0,2.1947751065454213e-06,1.0,2.877698761949432e-06
32,1.0,2.121489615092287e-06,1.0,2.4413973278569756e-06
33,1.0,1.9218568922951818e-06,1.0,2.501000381016638e-06
34,1.0,1.8050276366921025e-06,1.0,2.338877038710052e-06
35,1.0,1.765529191288806e-06,1.0,2.1338387341529597e-06
36,1.0,1.6068224795162678e-06,1.0,1.981252125915489e-06
37,1.0,1.5685136531828903e-06,1.0,1.916879455166054e-06
38,1.0,1.438597792002838e-06,1.0,1.7452190377298393e-06
39,1.0,1.3524633004635689e-06,1.0,1.8405859236736433e-06
40,1.0,1.3027334944126778e-06,1.0,1.7189928485095152e-06
41,1.0,1.209460378959193e-06,1.0,1.5020335695226095e-06
42,1.0,1.2116016705476795e-06,1.0,1.4877280136715854e-06
43,1.0,1.0847787734746817e-06,1.0,1.3756721273239236e-06
44,1.0,1.0371906000727904e-06,1.0,1.3542143051381572e-06
45,1.0,9.993577805289533e-07,1.0,1.2826891406803043e-06
46,1.0,9.620008540878189e-07,1.0,1.3327567103260662e-06
47,1.0,9.044188118423335e-07,1.0,1.1539437991814339e-06
48,1.0,8.446955916951993e-07,1.0,1.1229493566133897e-06
49,1.0,8.180459758477809e-07,1.0,1.0442714710734435e-06
